TYPE,COMPATIBILITY OF FTC5/FTC6 ECODAN UNITS WITH KLIC-MITTE
Cylinder,EHPT17X-VM2D
Cylinder,EHPT20X-MHCW
Cylinder,EHPT20X-TM9C
Cylinder,EHPT20X-VM2C
Cylinder,EHPT20X-VM2C2
Cylinder,EHPT20X-VM6C
Cylinder,EHPT20X-VM6D
Cylinder,EHPT20X-YM9C
Cylinder,EHPT30X-YM9ED
Cylinder,EHST20C-MEC
Cylinder,EHST20C-MHCW
Cylinder,EHST20C-TM9C
Cylinder,EHST20C-VM2C
Cylinder,EHST20C-VM2D
Cylinder,EHST20C-VM2EC
Cylinder,EHST20C-VM6C
Cylinder,EHST20C-VM6EC
Cylinder,EHST20C-YM9C
Cylinder,EHST20C-YM9EC
Cylinder,EHST30C-YM9ED
Cylinder,EHST17D-VM2D
Cylinder,EHST20D-MEC
Cylinder,EHST20D-MHC
Cylinder,EHST20D-MHCW
Cylinder,EHST20D-VM2C
Cylinder,EHST20D-VM2D
Cylinder,EHST20D-VM2EC
Cylinder,EHST20D-YM9C
Cylinder,EHST30D-YM9ED
Cylinder,ERPT17X-VM2D
Cylinder,ERPT18X-VS3C
Cylinder,ERPT20X-VM2D
Cylinder,ERPT30X-VM2ED
Cylinder,ERST20C-MEC
Cylinder,ERST20C-VM2C
Cylinder,ERST20C-VM2D
Cylinder,ERST30C-VM2ED
Cylinder,ERST17D-VM2D
Cylinder,ERST20D-MEC
Cylinder,ERST20D-VM2C
Cylinder,ERST20D-VM2C2-S
Cylinder,ERST20D-VM2D
Cylinder,ERST30D-VM2ED
Hydrobox,EHPX-VM2C
Hydrobox,EHPX-VM2D
Hydrobox,EHPX-VM6C
Hydrobox,EHPX-YM9C
Hydrobox,EHSC-MEC
Hydrobox,EHSC-TM9C
Hydrobox,EHSC-VM2C
Hydrobox,EHSC-VM2D
Hydrobox,EHSC-VM2EC
Hydrobox,EHSC-VM6C
Hydrobox,EHSC-VM6EC
Hydrobox,EHSC-YM9C
Hydrobox,EHSC-YM9EC
Hydrobox,EHSD-MC
Hydrobox,EHSD-MEC
Hydrobox,EHSD-VM2C
Hydrobox,EHSD-VM2D
Hydrobox,EHSD-YM9C
Hydrobox,EHSE-MEC
Hydrobox,EHSE-YM9EC
Hydrobox,EHSE-YM9ED
Hydrobox,ERPX-VM2D
Hydrobox,ERSC-MEC
Hydrobox,ERSC-VM2C
Hydrobox,ERSC-VM2D
Hydrobox,ERSD-VM2C
Hydrobox,ERSD-VM2D
Hydrobox,ERSE-MEC
Hydrobox,ERSE-MED
Hydrobox,ERSE-YM9EC
Hydrobox,ERSE-YM9ED
Flow Temperature Controller,PAC-IF061B-E
Flow Temperature Controller,PAC-IF062B-E
Flow Temperature Controller,PAC-IF063B-E
Flow Temperature Controller,PAC-IF071B-E
Flow Temperature Controller,PAC-SIF051B-E
