"МОДЕЛЬНАЯ ЛИНИЯ КОНДИЦИОНЕРОВ DAIKIN","МОДЕЛИ ВНУТРЕННИХ БЛОКОВ DAIKIN"
"Ururu Multi","CTXU-G"
"Ururu Sarara","FTXR-E"
"Ururu Sarara","FTXZ-N"
"Wall Mounted Inverter","CTXS-K"
"Wall Mounted Inverter","CTXA-AW/AS/AT**"
"Wall Mounted Inverter","CTXA-BS/BT/BB**"
"Wall Mounted Inverter","CTXA-CS/CB/CW**"
"Wall Mounted Inverter","FTXS20/25K*"
"Wall Mounted Inverter","FTXS35/42/50K"
"Wall Mounted Inverter","FTXS-J/G/B/C/D/E/F"
"Wall Mounted Inverter","FTKS-J/G/B/C/D/E/F"
"Wall Mounted Inverter","FTXD-D/BVM"
"Wall Mounted Inverter","FTKD-D/BVM"
"Wall Mounted Inverter","FTXE-BVM"
"Wall Mounted Inverter","FTKE-BVM"
"Wall Mounted Inverter","FTN-E/F/J"
"Wall Mounted Inverter","FTYN-E/F/J"
"Wall Mounted Inverter","FTXL-JV */G"
"Wall Mounted Inverter","FTXLS-K3"
"Wall Mounted Inverter","FTX-J3*/GV/KV/KN"
"Wall Mounted Inverter","FTK-F/GV/BVM"
"Wall Mounted Inverter","FTX-JV/K*"
"Wall Mounted Inverter","FTK-JV"
"Wall Mounted Inverter","FTXN-KVJU"
"Wall Mounted Inverter","FTKN-KVJU"
"Wall Mounted Inverter","FTXN-JEVJU/KEVJU*"
"Wall Mounted Inverter","FTXK-AW/AS"
"Wall Mounted Inverter","FTKN-JEVJU/KEVJU*"
"Wall Mounted Inverter","FTXA-AW/AS/AT**"
"Wall Mounted Inverter","FTXA-BS/BT/BB**"
"Wall Mounted Inverter","FTXA-CW/CB/CS**"
"Wall Mounted Inverter","FVXM-F"
"Wall Mounted Inverter","FTXTA-AW**"
"Wall Mounted Inverter","FTXTM-M"
"Wall Mounted Inverter","FTXTP-K"
"Wall Mounted Inverter","ATXTP-K"
"Wall Mounted Inverter","ATXC-B"
"Wall Mounted Inverter","ATXS-G/E"
"Wall Mounted Inverter","ATXS20-25K*"
"Wall Mounted Inverter","ATXS35-50K"
"Wall Mounted Inverter","ATXM-M/N"
"Wall Mounted Inverter","ATXM-R**"
"Wall Mounted Inverter","ATXL-JV"
"Wall Mounted Inverter","ATXP-K3/L/M"
"Wall Mounted Inverter","ATXF-A/C"
"Wall Mounted Inverter","ATX-E/J3/KV"
"Wall Mounted Inverter","ATX-JV/GV1B*"
"Wall Mounted No Inverter","FT-JV1A/GAVEA"
"Wall Mounted No Inverter","FTY-GAV1A"
"Floor Heat Pump","CVXM-A**"
"Floor Heat Pump","FVXM-A/B**"
"Floor Heat Pump","FVXS-F"
"Floor Heat Pump","FVKS-F"
"Floor/Roof Heat Pump","FLXS-B"
"Floor/Roof Heat Pump","FLKS-B"
"Floor/Roof Heat Pump","FLX-A"
"Floor/Roof Heat Pump","FLK-A"
"Slim Concealed Ceiling Series","FDXS-C/E"
"Slim Concealed Ceiling Series","FDKS-C/E"
"Slim Concealed Ceiling Series","CDXS-C"
"Slim Concealed Ceiling Series","CDKS-C"
"Comfora","FTXP-K3/L/M"
"Comfora","FTXD-A***"
"Comfora","FTXP-N***"
"Emura","FTXG-E/JW/JS/JA/LW/LS"
"Emura","FTXJ-L/MS/MW"
"Emura","FTXJ-AS/AW/AB**"
"Emura","CTXG-E"
"Emura","ATXG-E"
"Nexura","FVXG-K"
"Perfera","CTXM-M/N"
"Perfera","CTXM-R**"
"Perfera","FTXM-M/N"
"Perfera","FTXM-R/A**"
"Sensira","FTXC-B"
"Sensira","FTXF-A/B/C/D"
"Sensira","FTXF-E/F***"